{"cameraMode":{"drawMode":0,"name":"Shaded","section":"Shading Mode"},"sceneLighting":true,"audioPlay":false,"sceneViewState":{"showFog":false,"showMaterialUpdate":false,"showSkybox":true,"showFlares":false,"showImageEffects":false,"showParticleSystems":false},"in2DMode":false,"pivot":{"x":-0.31028392910957339,"y":-3.0011110305786135,"z":3.7472400665283205},"rotation":{"x":-0.23507778346538545,"y":0.009328369982540608,"z":-0.0022562064696103336,"w":-0.9719298481941223},"size":13.38767147064209,"orthographic":false}